Month,COGS,Facilities,Other OpEx,Payroll,Revenue,Software,Travel,GrossProfit,TotalOpEx,OperatingProfit
2025-01-01,383316.67,32478.56,47269.729999999996,288323.7,913557.9400000001,59529.74,25637.760000000002,530241.27,453239.49,77001.78000000003
2025-02-01,378161.02,33448.67,48516.16,290827.39,913336.4,60712.270000000004,26281.96,535175.38,459786.45000000007,75388.92999999993
2025-03-01,384988.89,34437.79,49428.58,303814.42,901431.77,63434.32,27294.4,516442.88,478409.51,38033.369999999995
2025-04-01,390810.81,33706.76,48269.02,305978.67,895203.15,63231.62,26985.870000000003,504392.34,478171.94,26220.400000000023
2025-05-01,401437.51,33559.33,48508.06,304930.3,907555.04,62622.47,26762.36,506117.53,476382.52,29735.01000000001
2025-06-01,406900.7,34715.04,50526.57,306521.62,935939.87,63404.560000000005,27344.77,529039.1699999999,482512.56,46526.60999999993
2025-07-01,395636.88,35191.03,50959.78,305957.11,964210.23,63940.67,27671.51,568573.35,483720.1,84853.25
2025-08-01,398686.21,35548.44,50963.82,315249.02,976005.08,65748.75,28246.89,577318.8699999999,495756.92000000004,81561.94999999984
2025-09-01,417468.09,35746.26,51231.56,325203.71,968573.46,67082.87999999999,28613.05,551105.3699999999,507877.46,43227.90999999986
2025-10-01,420861.79000000004,35168.15,50927.009999999995,318423.83,955357.08,65413.729999999996,27991.78,534495.2899999999,497924.5,36570.78999999992
2025-11-01,418515.87,35954.93,52348.600000000006,316035.38,954935.87,65509.12,28292.92,536420.0,498140.94999999995,38279.05000000005
2025-12-01,419450.02,37458.15,54132.96,326012.57,975425.04,68164.51,29476.55,555975.02,515244.74000000005,40730.27999999997
